{"cameraMode":{"drawMode":0,"name":"Shaded","section":"Shading Mode"},"sceneLighting":true,"audioPlay":false,"sceneViewState":{"showFog":true,"showMaterialUpdate":false,"showSkybox":true,"showFlares":true,"showImageEffects":true,"showParticleSystems":true},"in2DMode":false,"pivot":{"x":2.8521223068237306,"y":1.4180313348770142,"z":-5.798520088195801},"rotation":{"x":-0.210431307554245,"y":0.07848400622606278,"z":-0.01697264239192009,"w":-0.9743308424949646},"size":4.96441650390625,"orthographic":false}